,LapTime,LapNumber,Sector1Time,Sector2Time,Sector3Time,IsPersonalBest,TyreLife,FreshTyre,Position,Deleted,If_PitIn,If_PitOut,AvgSectorTime,PositionGained,PositionLost,PositionUnchanged,Soft,Medium,Hard,Intermediate,Wet,HighFuelLoad,MediumFuelLoad,LowFuelLoad
0,114359,1.0,44081,44578,25700,0,1.0,1,4.0,0,0,0,38119.666666666664,0,0,1,0,1,0,0,0,1,0,0
1,109312,2.0,39248,44404,25660,1,2.0,1,4.0,0,0,0,36437.333333333336,0,0,1,0,1,0,0,0,1,0,0
2,108978,3.0,38900,44350,25728,1,3.0,1,4.0,0,0,0,36326.0,0,0,1,0,1,0,0,0,1,0,0
3,109054,4.0,39040,44282,25732,0,4.0,1,4.0,0,0,0,36351.333333333336,0,0,1,0,1,0,0,0,0,1,0
4,109005,5.0,38957,44282,25766,0,5.0,1,4.0,0,0,0,36335.0,0,0,1,0,1,0,0,0,0,1,0
5,109169,6.0,39044,44344,25781,0,6.0,1,4.0,0,0,0,36389.666666666664,0,0,1,0,1,0,0,0,0,1,0
6,109260,7.0,39056,44410,25794,0,7.0,1,4.0,0,0,0,36420.0,0,0,1,0,1,0,0,0,0,0,1
7,109309,8.0,39063,44337,25909,0,8.0,1,4.0,0,0,0,36436.333333333336,0,0,1,0,1,0,0,0,0,0,1
8,0,9.0,0,0,0,0,9.0,1,,0,0,0,0.0,0,0,1,0,1,0,0,0,0,0,1
