,LapTime,LapNumber,Sector1Time,Sector2Time,Sector3Time,IsPersonalBest,TyreLife,FreshTyre,Position,Deleted,If_PitIn,If_PitOut,AvgSectorTime,PositionGained,PositionLost,PositionUnchanged,Soft,Medium,Hard,Intermediate,Wet,HighFuelLoad,MediumFuelLoad,LowFuelLoad
0,90809,1.0,35038,31741,24030,0,1.0,1,6.0,0,0,0,30269.666666666668,0,0,1,1,0,0,0,0,1,0,0
1,84621,2.0,30075,30740,23806,1,1.0,1,5.0,0,0,0,28207.0,1,0,0,1,0,0,0,0,1,0,0
2,84485,3.0,29974,30544,23967,1,2.0,1,5.0,0,0,0,28161.666666666668,0,0,1,1,0,0,0,0,0,1,0
3,84159,4.0,29901,30528,23730,1,3.0,1,5.0,0,0,0,28053.0,0,0,1,1,0,0,0,0,0,1,0
4,83985,5.0,29979,30364,23642,1,4.0,1,5.0,0,0,0,27995.0,0,0,1,1,0,0,0,0,0,0,1
5,0,6.0,0,0,0,0,5.0,1,,0,0,0,0.0,0,0,1,1,0,0,0,0,0,0,1
