,LapTime,LapNumber,Sector1Time,Sector2Time,Sector3Time,IsPersonalBest,TyreLife,FreshTyre,Position,Deleted,If_PitIn,If_PitOut,AvgSectorTime,PositionGained,PositionLost,PositionUnchanged,Soft,Medium,Hard,Intermediate,Wet,HighFuelLoad,MediumFuelLoad,LowFuelLoad
0,144723,1.0,21458,45152,78113,0,5.0,0,5.0,0,0,0,48241.0,0,0,1,1,0,0,0,0,1,0,0
1,0,2.0,26717,74806,60831,0,6.0,0,4.0,0,0,0,54118.0,1,0,0,1,0,0,0,0,1,0,0
2,0,3.0,28527,66671,61067,0,7.0,0,4.0,0,0,0,52088.333333333336,0,0,1,1,0,0,0,0,1,0,0
3,0,4.0,32548,67079,63188,0,8.0,0,4.0,0,0,0,54271.666666666664,0,0,1,1,0,0,0,0,0,1,0
4,105198,5.0,18328,43798,43072,1,9.0,0,4.0,0,0,0,35066.0,0,0,1,1,0,0,0,0,0,1,0
5,115382,6.0,18265,45646,51471,0,10.0,0,12.0,0,0,0,38460.666666666664,0,1,0,1,0,0,0,0,0,0,1
6,0,7.0,18265,0,0,0,11.0,0,19.0,0,1,0,6088.333333333333,0,1,0,1,0,0,0,0,0,0,1
