,LapTime,LapNumber,Sector1Time,Sector2Time,Sector3Time,IsPersonalBest,TyreLife,FreshTyre,Position,Deleted,If_PitIn,If_PitOut,AvgSectorTime,PositionGained,PositionLost,PositionUnchanged,Soft,Medium,Hard,Intermediate,Wet,HighFuelLoad,MediumFuelLoad,LowFuelLoad
0,106688,1.0,28724,42579,35385,0,4.0,0,6.0,0,0,0,35562.666666666664,0,0,1,0,1,0,0,0,1,0,0
1,104089,2.0,28768,41396,33925,1,5.0,0,7.0,0,0,0,34696.333333333336,0,1,0,0,1,0,0,0,1,0,0
2,103091,3.0,27862,41110,34119,1,6.0,0,7.0,0,0,0,34363.666666666664,0,0,1,0,1,0,0,0,1,0,0
3,102300,4.0,27592,40677,34031,1,7.0,0,7.0,0,0,0,34100.0,0,0,1,0,1,0,0,0,0,1,0
4,102194,5.0,27561,40664,33969,1,8.0,0,7.0,0,0,0,34064.666666666664,0,0,1,0,1,0,0,0,0,1,0
5,102165,6.0,27546,40487,34132,1,9.0,0,7.0,0,0,0,34055.0,0,0,1,0,1,0,0,0,0,0,1
6,102603,7.0,27628,40792,34183,0,10.0,0,7.0,0,0,0,34201.0,0,0,1,0,1,0,0,0,0,0,1
7,0,8.0,27649,0,0,0,11.0,0,20.0,0,1,0,9216.333333333334,0,1,0,0,1,0,0,0,0,0,1
