,LapTime,LapNumber,Sector1Time,Sector2Time,Sector3Time,IsPersonalBest,TyreLife,FreshTyre,Position,Deleted,If_PitIn,If_PitOut,AvgSectorTime,PositionGained,PositionLost,PositionUnchanged,Soft,Medium,Hard,Intermediate,Wet,HighFuelLoad,MediumFuelLoad,LowFuelLoad
0,207671,1.0,0,0,58052,0,1.0,1,20.0,0,1,0,19350.666666666668,0,0,1,0,1,0,0,0,1,0,0
1,144008,2.0,56975,52698,34335,0,1.0,1,15.0,0,0,1,48002.666666666664,1,0,0,0,1,0,0,0,1,0,0
2,0,3.0,52663,70842,43698,0,2.0,1,14.0,0,0,0,55734.333333333336,1,0,0,0,1,0,0,0,1,0,0
3,0,4.0,52346,66943,50122,0,3.0,1,14.0,0,0,0,56470.333333333336,0,0,1,0,1,0,0,0,0,1,0
4,115376,5.0,31877,52962,30537,1,4.0,1,15.0,0,0,0,38458.666666666664,0,1,0,0,1,0,0,0,0,1,0
5,114320,6.0,32448,52039,29833,1,5.0,1,15.0,0,0,0,38106.666666666664,0,0,1,0,1,0,0,0,0,0,1
6,122327,7.0,31951,53810,36566,0,6.0,1,16.0,0,1,0,40775.666666666664,0,1,0,0,1,0,0,0,0,0,1
7,0,8.0,60909,55789,36249,0,7.0,0,16.0,0,1,1,50982.333333333336,0,0,1,0,1,0,0,0,0,0,1
