,LapTime,LapNumber,Sector1Time,Sector2Time,Sector3Time,IsPersonalBest,TyreLife,FreshTyre,Position,Deleted,If_PitIn,If_PitOut,AvgSectorTime,PositionGained,PositionLost,PositionUnchanged,Soft,Medium,Hard,Intermediate,Wet,HighFuelLoad,MediumFuelLoad,LowFuelLoad
0,103674,1.0,28740,40975,33959,0,4.0,0,4.0,0,0,0,34558.0,0,0,1,1,0,0,0,0,1,0,0
1,101683,2.0,27291,40621,33771,1,5.0,0,4.0,0,0,0,33894.333333333336,0,0,1,1,0,0,0,0,1,0,0
2,101399,3.0,27286,40388,33725,1,6.0,0,4.0,0,0,0,33799.666666666664,0,0,1,1,0,0,0,0,1,0,0
3,101553,4.0,27204,40568,33781,0,7.0,0,4.0,0,0,0,33851.0,0,0,1,1,0,0,0,0,0,1,0
4,100933,5.0,27171,40145,33617,1,8.0,0,4.0,0,0,0,33644.333333333336,0,0,1,1,0,0,0,0,0,1,0
5,101244,6.0,27177,40340,33727,0,9.0,0,4.0,0,0,0,33748.0,0,0,1,1,0,0,0,0,0,1,0
6,101170,7.0,26933,40563,33674,0,10.0,0,4.0,0,0,0,33723.333333333336,0,0,1,1,0,0,0,0,0,0,1
7,101214,8.0,27044,40580,33590,0,11.0,0,4.0,0,0,0,33738.0,0,0,1,1,0,0,0,0,0,0,1
8,0,9.0,0,0,0,0,12.0,0,,0,0,0,0.0,0,0,1,1,0,0,0,0,0,0,1
