,LapTime,LapNumber,Sector1Time,Sector2Time,Sector3Time,IsPersonalBest,TyreLife,FreshTyre,Position,Deleted,If_PitIn,If_PitOut,AvgSectorTime,PositionGained,PositionLost,PositionUnchanged,Soft,Medium,Hard,Intermediate,Wet,HighFuelLoad,MediumFuelLoad,LowFuelLoad
0,91210,1.0,31394,27509,32307,0,1.0,1,11.0,0,0,0,30403.333333333332,0,0,1,0,0,1,0,0,1,0,0
1,81239,2.0,23056,26241,31942,1,2.0,1,11.0,0,0,0,27079.666666666668,0,0,1,0,0,1,0,0,1,0,0
2,79654,3.0,22477,25697,31480,1,3.0,1,11.0,0,0,0,26551.333333333332,0,0,1,0,0,1,0,0,1,0,0
3,79428,4.0,22323,25617,31488,1,4.0,1,11.0,0,0,0,26476.0,0,0,1,0,0,1,0,0,0,1,0
4,79787,5.0,22912,25426,31449,0,5.0,1,11.0,0,0,0,26595.666666666668,0,0,1,0,0,1,0,0,0,1,0
5,79400,6.0,22451,25564,31385,1,6.0,1,11.0,0,0,0,26466.666666666668,0,0,1,0,0,1,0,0,0,0,1
6,78844,7.0,22428,25286,31130,1,7.0,1,10.0,0,0,0,26281.333333333332,1,0,0,0,0,1,0,0,0,0,1
7,0,8.0,0,0,0,0,8.0,1,,0,0,0,0.0,0,0,1,0,0,1,0,0,0,0,1
